Dispatch_ID,Kernel_Name,GPU_ID,queue-id,queue-index,pid,tid,Grid_Size,Workgroup_Size,LDS_Per_Workgroup,Scratch_Per_Workitem,Arch_VGPR,Accum_VGPR,SGPR,wave_size,sig,obj,SQ_INSTS_LDS,SQ_INST_LEVEL_LDS,SQ_ACCUM_PREV_HIRES,SQ_INSTS_VALU_TRANS_F32,SQ_INSTS_VALU_ADD_F64,SQ_INSTS_VALU_MUL_F64,SQ_INSTS_VALU_FMA_F64,SQ_INSTS_VALU_TRANS_F64,TA_BUFFER_COALESCED_READ_CYCLES_sum,TA_BUFFER_COALESCED_WRITE_CYCLES_sum,TD_COALESCABLE_WAVEFRONT_sum,TCP_TOTAL_ATOMIC_WITH_RET_sum,TCP_TOTAL_ATOMIC_WITHOUT_RET_sum,TCP_TOTAL_WRITEBACK_INVALIDATES_sum,TCP_TOTAL_CACHE_ACCESSES_sum,TCC_EA0_ATOMIC[0],TCC_EA0_RDREQ_LEVEL[0],TCC_EA0_WRREQ_LEVEL[0],TCC_EA0_ATOMIC_LEVEL[0],TCC_EA0_ATOMIC[1],TCC_EA0_RDREQ_LEVEL[1],TCC_EA0_WRREQ_LEVEL[1],TCC_EA0_ATOMIC_LEVEL[1],TCC_EA0_ATOMIC[2],TCC_EA0_RDREQ_LEVEL[2],TCC_EA0_WRREQ_LEVEL[2],TCC_EA0_ATOMIC_LEVEL[2],TCC_EA0_ATOMIC[3],TCC_EA0_RDREQ_LEVEL[3],TCC_EA0_WRREQ_LEVEL[3],TCC_EA0_ATOMIC_LEVEL[3],TCC_EA0_ATOMIC[4],TCC_EA0_RDREQ_LEVEL[4],TCC_EA0_WRREQ_LEVEL[4],TCC_EA0_ATOMIC_LEVEL[4],TCC_EA0_ATOMIC[5],TCC_EA0_RDREQ_LEVEL[5],TCC_EA0_WRREQ_LEVEL[5],TCC_EA0_ATOMIC_LEVEL[5],TCC_EA0_ATOMIC[6],TCC_EA0_RDREQ_LEVEL[6],TCC_EA0_WRREQ_LEVEL[6],TCC_EA0_ATOMIC_LEVEL[6],TCC_EA0_ATOMIC[7],TCC_EA0_RDREQ_LEVEL[7],TCC_EA0_WRREQ_LEVEL[7],TCC_EA0_ATOMIC_LEVEL[7],TCC_EA0_ATOMIC[8],TCC_EA0_RDREQ_LEVEL[8],TCC_EA0_WRREQ_LEVEL[8],TCC_EA0_ATOMIC_LEVEL[8],TCC_EA0_ATOMIC[9],TCC_EA0_RDREQ_LEVEL[9],TCC_EA0_WRREQ_LEVEL[9],TCC_EA0_ATOMIC_LEVEL[9],TCC_EA0_ATOMIC[10],TCC_EA0_RDREQ_LEVEL[10],TCC_EA0_WRREQ_LEVEL[10],TCC_EA0_ATOMIC_LEVEL[10],TCC_EA0_ATOMIC[11],TCC_EA0_RDREQ_LEVEL[11],TCC_EA0_WRREQ_LEVEL[11],TCC_EA0_ATOMIC_LEVEL[11],TCC_EA0_ATOMIC[12],TCC_EA0_RDREQ_LEVEL[12],TCC_EA0_WRREQ_LEVEL[12],TCC_EA0_ATOMIC_LEVEL[12],TCC_EA0_ATOMIC[13],TCC_EA0_RDREQ_LEVEL[13],TCC_EA0_WRREQ_LEVEL[13],TCC_EA0_ATOMIC_LEVEL[13],TCC_EA0_ATOMIC[14],TCC_EA0_RDREQ_LEVEL[14],TCC_EA0_WRREQ_LEVEL[14],TCC_EA0_ATOMIC_LEVEL[14],TCC_EA0_ATOMIC[15],TCC_EA0_RDREQ_LEVEL[15],TCC_EA0_WRREQ_LEVEL[15],TCC_EA0_ATOMIC_LEVEL[15],CPC_CPC_UTCL2IU_BUSY,CPC_CPC_UTCL2IU_IDLE,CPF_CMP_UTCL1_STALL_ON_TRANSLATION,SPI_RA_RES_STALL_CSN,SPI_RA_TMP_STALL_CSN,DispatchNs,Start_Timestamp,End_Timestamp,CompleteNs
0,__amd_rocclr_copyBuffer.kd,2,0,3,4500,4500,1024,512,0,0,16,0,32,64,0x0,0x79ba982aba80,0,0,0,0,0,0,0,0,0.0,0.0,0.0,0.0,0.0,2.0,512.0,0,40391,3546,0,0,40788,3645,0,0,40418,3651,0,0,40318,3705,0,0,41032,3788,0,0,40879,3691,0,0,40440,3944,0,0,41645,3792,0,0,41523,3610,0,0,41417,3698,0,0,40847,3640,0,0,40904,3700,0,0,40164,3773,0,0,39893,3699,0,0,39782,3860,0,0,40617,3708,0,11656,122976,0,0,0,1930630472118905,1930750760057048,1930750760060173,1930630481040922
1,__amd_rocclr_copyBuffer.kd,2,0,11,4500,4500,1024,512,0,0,16,0,32,64,0x0,0x79ba982aba80,0,0,0,0,0,0,0,0,0.0,0.0,0.0,0.0,0.0,2.0,512.0,0,38898,3587,0,0,39055,3655,0,0,38544,3667,0,0,38701,3728,0,0,39095,3822,0,0,39022,3726,0,0,38823,3974,0,0,39368,3810,0,0,40179,3595,0,0,40387,3717,0,0,38683,3692,0,0,39181,3714,0,0,38289,3778,0,0,38122,3705,0,0,37762,3887,0,0,38680,3730,0,11666,121866,0,0,0,1930630529181671,1930750806566020,1930750806568784,1930630529879452
2,"void custom_kernel<1, false, false>(__hip_fp8_e4m3_fnuz const*, __hip_fp8_e4m3_fnuz const*, float const*, float const*, __hip_bfloat16*, float*, int, int, int) [clone .kd]",2,0,14,4500,4500,2097152,512,32768,0,4,132,32,64,0x0,0x79ba982760c0,33554432,319202825,25536482226,0,0,0,0,0,0.0,0.0,1048576.0,0.0,0.0,304.0,339738624.0,0,583247113,35803843,0,0,600055532,37129925,0,0,603503332,36706472,0,0,606995490,37443611,0,0,607151076,35772457,0,0,603996780,35678491,0,0,636603942,37458449,0,0,618267477,36393346,0,0,581195272,35562257,0,0,600076737,36918474,0,0,603361531,36472586,0,0,606851327,37137540,0,0,607096696,35527615,0,0,603901370,35597540,0,0,636633781,37352143,0,0,618216257,36411915,0,935,72013113,78,66466463,0,1930630531763975,1930750807414393,1930750811927618,1930630536883165
3,__amd_rocclr_copyBuffer.kd,2,0,20,4500,4500,1024,512,0,0,16,0,32,64,0x0,0x79ba982aba80,0,0,0,0,0,0,0,0,0.0,0.0,0.0,0.0,0.0,2.0,512.0,0,40770,3821,0,0,41032,3913,0,0,40830,3654,0,0,40463,3742,0,0,40720,3792,0,0,40620,3729,0,0,40211,3954,0,0,40939,3820,0,0,40844,3612,0,0,40877,3730,0,0,40651,3645,0,0,40808,3711,0,0,40534,4040,0,0,40071,3960,0,0,40250,3861,0,0,40742,3712,0,11875,119917,0,0,0,1930630541111941,1930750814881742,1930750814884986,1930630541713729
4,"void custom_kernel<1, false, false>(__hip_fp8_e4m3_fnuz const*, __hip_fp8_e4m3_fnuz const*, float const*, float const*, __hip_bfloat16*, float*, int, int, int) [clone .kd]",2,0,23,4500,4500,2097152,512,32768,0,4,132,32,64,0x0,0x79ba982760c0,33554432,319201627,25536381434,0,0,0,0,0,0.0,0.0,1048576.0,0.0,0.0,304.0,339738624.0,0,564952097,35597111,0,0,580894539,36527848,0,0,584042554,36745596,0,0,587623554,36830225,0,0,588236547,35792884,0,0,584947530,35550197,0,0,615711494,37532691,0,0,597856830,36370232,0,0,562870665,35678656,0,0,580825082,36647404,0,0,584106452,36718386,0,0,587518273,36916613,0,0,588079671,35707352,0,0,584898606,35422726,0,0,615750510,37489208,0,0,597885352,36309780,0,8273,72042849,77,66417022,0,1930630542737782,1930750814909382,1930750819351463,1930630548322149
5,__amd_rocclr_copyBuffer.kd,2,0,29,4500,4500,1024,512,0,0,16,0,32,64,0x0,0x79ba982aba80,0,0,0,0,0,0,0,0,0.0,0.0,0.0,0.0,0.0,2.0,512.0,0,40727,4153,0,0,40628,4163,0,0,40453,3828,0,0,40451,3729,0,0,41282,3998,0,0,40650,3886,0,0,40695,3959,0,0,41644,3822,0,0,40636,3806,0,0,40271,3901,0,0,40627,3644,0,0,40607,3713,0,0,40822,4276,0,0,40409,4171,0,0,40173,3853,0,0,41106,3721,0,12049,122160,0,0,0,1930630552859531,1930750822513053,1930750822515937,1930630553467839
6,"void custom_kernel<1, false, false>(__hip_fp8_e4m3_fnuz const*, __hip_fp8_e4m3_fnuz const*, float const*, float const*, __hip_bfloat16*, float*, int, int, int) [clone .kd]",2,0,32,4500,4500,2097152,512,32768,0,4,132,32,64,0x0,0x79ba982760c0,33554432,319203788,25536433138,0,0,0,0,0,0.0,0.0,1048576.0,0.0,0.0,304.0,339738624.0,0,562569651,36078730,0,0,577574032,37309651,0,0,581879049,37311984,0,0,584612731,37704192,0,0,585925429,35954264,0,0,581801947,35828030,0,0,613600516,37790097,0,0,594987072,36683529,0,0,560327107,36179814,0,0,577607177,37340164,0,0,581774657,37320361,0,0,584699638,37687834,0,0,585632794,35800319,0,0,581581366,35790130,0,0,613560132,37647717,0,0,595021921,36678947,0,8638,72118078,0,66481031,0,1930630554489328,1930750822545414,1930750826975597,1930630560070451
7,__amd_rocclr_copyBuffer.kd,2,0,38,4500,4500,1024,512,0,0,16,0,32,64,0x0,0x79ba982aba80,0,0,0,0,0,0,0,0,0.0,0.0,0.0,0.0,0.0,2.0,512.0,0,37865,3805,0,0,38402,4092,0,0,38318,3665,0,0,38828,3719,0,0,38934,3807,0,0,38568,4060,0,0,39224,3944,0,0,39573,3792,0,0,38864,3594,0,0,38782,4055,0,0,39288,3634,0,0,39244,3694,0,0,38491,4019,0,0,37741,4077,0,0,39742,3845,0,0,39011,3725,0,12135,123267,0,0,0,1930630564633560,1930750830129414,1930750830132699,1930630565176481
8,"void custom_kernel<1, false, false>(__hip_fp8_e4m3_fnuz const*, __hip_fp8_e4m3_fnuz const*, float const*, float const*, __hip_bfloat16*, float*, int, int, int) [clone .kd]",2,0,41,4500,4500,2097152,512,32768,0,4,132,32,64,0x0,0x79ba982760c0,33554432,319199726,25536333390,0,0,0,0,0,0.0,0.0,1048576.0,0.0,0.0,304.0,339738624.0,0,561398583,36202974,0,0,577449436,37129836,0,0,581440432,37221881,0,0,584059733,37681107,0,0,585784002,36254125,0,0,580932979,36016503,0,0,612253202,38054146,0,0,594769140,36899722,0,0,559351316,36150860,0,0,577559950,37245864,0,0,581325178,37170985,0,0,584079384,37667670,0,0,585762958,36108756,0,0,581073903,35951375,0,0,612298306,37904450,0,0,594764420,36805477,0,8668,72078434,0,66465842,0,1930630566213103,1930750830155253,1930750834589562,1930630571708939
9,__amd_rocclr_copyBuffer.kd,2,0,47,4500,4500,1024,512,0,0,16,0,32,64,0x0,0x79ba982aba80,0,0,0,0,0,0,0,0,0.0,0.0,0.0,0.0,0.0,2.0,512.0,0,38618,3810,0,0,38661,3907,0,0,38504,3657,0,0,38856,3721,0,0,38434,3801,0,0,38153,3711,0,0,38133,3953,0,0,39070,3797,0,0,38243,3603,0,0,38581,3688,0,0,39250,3618,0,0,38509,3709,0,0,38224,4014,0,0,38351,3953,0,0,39439,3830,0,0,39873,3719,0,12099,121195,0,0,0,1930630576163609,1930750837723791,1930750837727156,1930630576715313
10,"void custom_kernel<1, false, false>(__hip_fp8_e4m3_fnuz const*, __hip_fp8_e4m3_fnuz const*, float const*, float const*, __hip_bfloat16*, float*, int, int, int) [clone .kd]",2,0,50,4500,4500,2097152,512,32768,0,4,132,32,64,0x0,0x79ba982760c0,33554432,319198183,25536360184,0,0,0,0,0,0.0,0.0,1048576.0,0.0,0.0,304.0,339738624.0,0,562282655,35137000,0,0,578460602,36711459,0,0,581960302,36163636,0,0,585091164,37104612,0,0,586417939,35381655,0,0,582864933,35539251,0,0,614676752,37163011,0,0,596324962,36398154,0,0,560137791,35186801,0,0,578542554,36444860,0,0,581940845,36130158,0,0,585152388,36629493,0,0,586274814,35191967,0,0,582873680,35243273,0,0,614591608,37065223,0,0,596362203,36159899,0,8456,72002456,77,66363190,0,1930630577724093,1930750837756800,1930750842184419,1930630583265187
11,__amd_rocclr_copyBuffer.kd,2,0,56,4500,4500,1024,512,0,0,16,0,32,64,0x0,0x79ba982aba80,0,0,0,0,0,0,0,0,0.0,0.0,0.0,0.0,0.0,2.0,512.0,0,40480,3825,0,0,41547,3910,0,0,40450,3716,0,0,39999,3758,0,0,37887,3810,0,0,38063,3709,0,0,38939,3949,0,0,39654,3777,0,0,40376,3613,0,0,40963,3723,0,0,40680,3674,0,0,39823,3747,0,0,39551,4052,0,0,40128,3943,0,0,40548,3869,0,0,40869,3733,0,12889,123549,0,0,0,1930630587710823,1930750845325418,1930750845328463,1930630588306393
12,"void custom_kernel<1, false, false>(__hip_fp8_e4m3_fnuz const*, __hip_fp8_e4m3_fnuz const*, float const*, float const*, __hip_bfloat16*, float*, int, int, int) [clone .kd]",2,0,59,4500,4500,2097152,512,32768,0,4,132,32,64,0x0,0x79ba982760c0,33554432,319210177,25536642856,0,0,0,0,0,0.0,0.0,1048576.0,0.0,0.0,304.0,339738624.0,0,579414373,36386141,0,0,596541808,38040427,0,0,599087757,37544578,0,0,603251989,38451257,0,0,602889961,36483446,0,0,600378892,36502755,0,0,631287441,38186684,0,0,614342829,37296149,0,0,577107960,36469921,0,0,596565587,37750912,0,0,598816465,37663579,0,0,603097415,38111474,0,0,602482256,36369936,0,0,600310940,36456929,0,0,631156661,38185160,0,0,614315312,37245027,0,8641,72092702,77,66469310,0,1930630589353980,1930750845357346,1930750849778596,1930630594898128
13,__amd_rocclr_copyBuffer.kd,2,0,65,4500,4500,1024,512,0,0,16,0,32,64,0x0,0x79ba982aba80,0,0,0,0,0,0,0,0,0.0,0.0,0.0,0.0,0.0,2.0,512.0,0,39429,4068,0,0,39318,4155,0,0,39801,3693,0,0,39380,3732,0,0,38084,4010,0,0,37681,3916,0,0,38575,3954,0,0,39217,3853,0,0,40006,3815,0,0,39303,3911,0,0,40289,3635,0,0,39830,3731,0,0,38444,4302,0,0,38274,4186,0,0,38472,3878,0,0,39860,3744,0,12229,122033,0,0,0,1930630599409470,1930750852916871,1930750852920036,1930630599951331
14,"void custom_kernel<1, false, false>(__hip_fp8_e4m3_fnuz const*, __hip_fp8_e4m3_fnuz const*, float const*, float const*, __hip_bfloat16*, float*, int, int, int) [clone .kd]",2,0,68,4500,4500,2097152,512,32768,0,4,132,32,64,0x0,0x79ba982760c0,33554432,319200246,25536447634,0,0,0,0,0,0.0,0.0,1048576.0,0.0,0.0,304.0,339738624.0,0,563583913,36070982,0,0,579215876,37224887,0,0,582900096,37228896,0,0,585024449,37678336,0,0,587512495,36315910,0,0,582225504,36091759,0,0,615083227,38151274,0,0,597030880,36956340,0,0,561551419,36129382,0,0,579229280,37344458,0,0,582891214,37186015,0,0,584875063,37567504,0,0,587431731,36245429,0,0,582219715,35994092,0,0,615108162,38068866,0,0,596939989,36881206,0,8644,72146508,0,66479925,0,1930630600967211,1930750852948197,1930750857388475,1930630606467815
15,__amd_rocclr_copyBuffer.kd,2,0,74,4500,4500,1024,512,0,0,16,0,32,64,0x0,0x79ba982aba80,0,0,0,0,0,0,0,0,0.0,0.0,0.0,0.0,0.0,2.0,512.0,0,39304,3868,0,0,39703,3940,0,0,38519,3687,0,0,39199,3727,0,0,40129,3828,0,0,39343,3735,0,0,40289,3973,0,0,40021,3849,0,0,39387,3683,0,0,39800,3740,0,0,38291,3678,0,0,39003,3747,0,0,40091,4048,0,0,39491,3950,0,0,40387,3861,0,0,40006,3739,0,12230,123128,0,0,0,1930630610904868,1930750860516415,1930750860519179,1930630611484624
16,"void custom_kernel<1, false, false>(__hip_fp8_e4m3_fnuz const*, __hip_fp8_e4m3_fnuz const*, float const*, float const*, __hip_bfloat16*, float*, int, int, int) [clone .kd]",2,0,77,4500,4500,2097152,512,32768,0,4,132,32,64,0x0,0x79ba982760c0,33554432,319205781,25536502106,0,0,0,0,0,0.0,0.0,1048576.0,0.0,0.0,304.0,339738624.0,0,582605890,35195445,0,0,598631598,36657288,0,0,602993952,36182790,0,0,606172863,37212760,0,0,607110198,35530615,0,0,603439392,35493629,0,0,635889120,37305288,0,0,617590297,36311628,0,0,580227840,35152346,0,0,598598392,36507396,0,0,602876197,36444302,0,0,606243549,36802724,0,0,606715443,35329160,0,0,603484137,35419705,0,0,635818670,37210599,0,0,617633281,36337252,0,8637,71948111,0,66342004,0,1930630612531891,1930750860541933,1930750864963944,1930630618044653
17,__amd_rocclr_copyBuffer.kd,2,0,83,4500,4500,1024,512,0,0,16,0,32,64,0x0,0x79ba982aba80,0,0,0,0,0,0,0,0,0.0,0.0,0.0,0.0,0.0,2.0,512.0,0,38681,3805,0,0,38864,3898,0,0,38228,3659,0,0,38672,3736,0,0,39865,3792,0,0,40262,3731,0,0,39406,3978,0,0,40421,3789,0,0,38746,3622,0,0,39469,3722,0,0,38964,3652,0,0,39071,3697,0,0,38566,4036,0,0,38013,3960,0,0,39152,3847,0,0,39566,3705,0,12139,122250,0,0,0,1930630622542726,1930750868087638,1930750868090562,1930630623111806
18,"void custom_kernel<1, false, false>(__hip_fp8_e4m3_fnuz const*, __hip_fp8_e4m3_fnuz const*, float const*, float const*, __hip_bfloat16*, float*, int, int, int) [clone .kd]",2,0,86,4500,4500,2097152,512,32768,0,4,132,32,64,0x0,0x79ba982760c0,33554432,319194016,25536372254,0,0,0,0,0,0.0,0.0,1048576.0,0.0,0.0,304.0,339738624.0,0,567000144,35988026,0,0,581713208,37369029,0,0,586382028,36943081,0,0,588884879,37743956,0,0,590049354,36278877,0,0,586382672,36255670,0,0,617842194,38102321,0,0,599120847,37040189,0,0,564723777,36022034,0,0,581590937,37364723,0,0,586411659,37079518,0,0,588812035,37674274,0,0,589693718,36090162,0,0,586306263,36079003,0,0,617856708,37917897,0,0,599133862,36939261,0,8641,72135294,77,66536725,0,1930630624154917,1930750868114798,1930750872544060,1930630629657404
19,__amd_rocclr_copyBuffer.kd,2,0,92,4500,4500,1024,512,0,0,16,0,32,64,0x0,0x79ba982aba80,0,0,0,0,0,0,0,0,0.0,0.0,0.0,0.0,0.0,2.0,512.0,0,37223,3890,0,0,37873,4098,0,0,37333,3673,0,0,37447,3723,0,0,38645,4180,0,0,38027,3998,0,0,38133,3952,0,0,38900,3806,0,0,37268,3985,0,0,37913,4101,0,0,37515,3633,0,0,37584,3702,0,0,39489,4087,0,0,38364,4119,0,0,39208,3864,0,0,39079,3718,0,12145,122525,0,0,0,1930630634155737,1930750875657859,1930750875660903,1930630634739840
20,"void custom_kernel<1, false, false>(__hip_fp8_e4m3_fnuz const*, __hip_fp8_e4m3_fnuz const*, float const*, float const*, __hip_bfloat16*, float*, int, int, int) [clone .kd]",2,0,95,4500,4500,2097152,512,32768,0,4,132,32,64,0x0,0x79ba982760c0,33554432,319206288,25536395004,0,0,0,0,0,0.0,0.0,1048576.0,0.0,0.0,304.0,339738624.0,0,567613777,35234988,0,0,583928435,36439792,0,0,586934743,36158211,0,0,590208040,36909207,0,0,590994349,35388972,0,0,587926216,35371556,0,0,619660458,37115706,0,0,601594606,36182506,0,0,565336633,35192604,0,0,583746117,36477079,0,0,586860092,36203224,0,0,590155286,36721317,0,0,590605808,35230088,0,0,587844340,35140847,0,0,619558274,36995425,0,0,601560283,36037518,0,8637,71953367,75,66407165,0,1930630635786556,1930750875685259,1930750880114561,1930630641344053
21,__amd_rocclr_copyBuffer.kd,2,0,101,4500,4500,1024,512,0,0,16,0,32,64,0x0,0x79ba982aba80,0,0,0,0,0,0,0,0,0.0,0.0,0.0,0.0,0.0,2.0,512.0,0,38463,3812,0,0,38097,4044,0,0,39205,3667,0,0,37859,3744,0,0,40278,3794,0,0,38680,4050,0,0,39006,3971,0,0,39211,3770,0,0,37752,3631,0,0,37893,4082,0,0,38458,3710,0,0,37519,3701,0,0,40795,4030,0,0,38586,4091,0,0,38847,3856,0,0,39066,3712,0,12043,123267,0,0,0,1930630645798442,1930750883216543,1930750883219547,1930630646364278
22,"void custom_kernel<1, false, false>(__hip_fp8_e4m3_fnuz const*, __hip_fp8_e4m3_fnuz const*, float const*, float const*, __hip_bfloat16*, float*, int, int, int) [clone .kd]",2,0,104,4500,4500,2097152,512,32768,0,4,132,32,64,0x0,0x79ba982760c0,33554432,319202431,25536413624,0,0,0,0,0,0.0,0.0,1048576.0,0.0,0.0,304.0,339738624.0,0,570453159,37332698,0,0,586988955,38360820,0,0,590845639,38290706,0,0,593377613,39014768,0,0,594086249,36944766,0,0,590589570,36679405,0,0,622315157,38721562,0,0,604318863,37512016,0,0,568382269,37190345,0,0,586902805,38173758,0,0,590981503,38435948,0,0,593342688,38500663,0,0,593855643,36725272,0,0,590620210,36507590,0,0,622332405,38552264,0,0,604473387,37360520,0,8457,72157216,0,66524699,0,1930630647404154,1930750883240218,1930750887672684,1930630652946309
23,__amd_rocclr_copyBuffer.kd,2,0,110,4500,4500,1024,512,0,0,16,0,32,64,0x0,0x79ba982aba80,0,0,0,0,0,0,0,0,0.0,0.0,0.0,0.0,0.0,2.0,512.0,0,37030,4031,0,0,36991,4069,0,0,38604,3693,0,0,37305,3722,0,0,37660,4003,0,0,37418,3905,0,0,37806,3947,0,0,38789,3804,0,0,37147,3804,0,0,36832,3894,0,0,38257,3631,0,0,37445,3737,0,0,37779,4180,0,0,37552,4082,0,0,39078,3872,0,0,39548,3718,0,12048,122097,0,0,0,1930630657328180,1930750890773708,1930750890776913,1930630657899023
24,"void custom_kernel<1, false, false>(__hip_fp8_e4m3_fnuz const*, __hip_fp8_e4m3_fnuz const*, float const*, float const*, __hip_bfloat16*, float*, int, int, int) [clone .kd]",2,0,113,4500,4500,2097152,512,32768,0,4,132,32,64,0x0,0x79ba982760c0,33554432,319205447,25536347728,0,0,0,0,0,0.0,0.0,1048576.0,0.0,0.0,304.0,339738624.0,0,585201115,36250549,0,0,602613279,37352731,0,0,604792287,37186135,0,0,609497042,37770696,0,0,609507612,36035666,0,0,606447556,35710109,0,0,638814922,37746950,0,0,620428009,36424897,0,0,582972888,36201186,0,0,602545968,37169345,0,0,604728437,37292750,0,0,609420059,37566040,0,0,609311810,35805405,0,0,606408232,35728291,0,0,638730584,37550925,0,0,620400751,36434107,0,8271,72041111,0,66491256,0,1930630658942655,1930750890801588,1930750895226524,1930630664485511
25,__amd_rocclr_copyBuffer.kd,2,0,119,4500,4500,1024,512,0,0,16,0,32,64,0x0,0x79ba982aba80,0,0,0,0,0,0,0,0,0.0,0.0,0.0,0.0,0.0,2.0,512.0,0,36967,4037,0,0,37736,4128,0,0,36872,3669,0,0,37905,3712,0,0,38619,4024,0,0,38161,3913,0,0,38680,3950,0,0,39436,3799,0,0,38239,3804,0,0,38670,3905,0,0,38199,3622,0,0,38542,3695,0,0,37365,4267,0,0,37103,4154,0,0,37301,3844,0,0,38676,3710,0,11850,123652,0,0,0,1930630668899781,1930750898336117,1930750898339441,1930630669479497
26,"void custom_kernel<1, false, false>(__hip_fp8_e4m3_fnuz const*, __hip_fp8_e4m3_fnuz const*, float const*, float const*, __hip_bfloat16*, float*, int, int, int) [clone .kd]",2,0,122,4500,4500,2097152,512,32768,0,4,132,32,64,0x0,0x79ba982760c0,33554432,319203781,25536535636,0,0,0,0,0,0.0,0.0,1048576.0,0.0,0.0,304.0,339738624.0,0,555761951,37658494,0,0,569645290,38526309,0,0,574405484,38756451,0,0,576610695,38881559,0,0,577974586,37199320,0,0,573506403,37001905,0,0,605282324,39051011,0,0,585729214,37801072,0,0,553657738,37828840,0,0,569552484,38580532,0,0,574164823,39050865,0,0,576310442,38878251,0,0,577538554,37108553,0,0,573441780,36942004,0,0,604981562,38978725,0,0,585564867,37770623,0,8644,72107440,77,66426221,0,1930630670522086,1930750898362996,1930750902787251,1930630676047347
27,__amd_rocclr_copyBuffer.kd,2,0,128,4500,4500,1024,512,0,0,16,0,32,64,0x0,0x79ba982aba80,0,0,0,0,0,0,0,0,0.0,0.0,0.0,0.0,0.0,2.0,512.0,0,37879,3815,0,0,38053,3893,0,0,38314,3659,0,0,37642,3712,0,0,39980,3796,0,0,40143,3696,0,0,42105,3925,0,0,40822,3802,0,0,39403,3703,0,0,39326,3761,0,0,39915,3697,0,0,39012,3771,0,0,39442,4073,0,0,39149,3982,0,0,41703,3886,0,0,40251,3759,0,11862,123420,0,0,0,1930630680851613,1930750905889953,1930750905892758,1930630681437768
28,"void custom_kernel<1, false, false>(__hip_fp8_e4m3_fnuz const*, __hip_fp8_e4m3_fnuz const*, float const*, float const*, __hip_bfloat16*, float*, int, int, int) [clone .kd]",2,0,131,4500,4500,2097152,512,32768,0,4,132,32,64,0x0,0x79ba982760c0,33554432,319206348,25536561000,0,0,0,0,0,0.0,0.0,1048576.0,0.0,0.0,304.0,339738624.0,0,572984471,35999065,0,0,589591890,37229524,0,0,592701799,37025269,0,0,596894645,37445347,0,0,596678337,36052224,0,0,593524534,36023436,0,0,624331491,37792521,0,0,607340053,36820884,0,0,570807192,36116162,0,0,589378815,37306126,0,0,592569226,37293726,0,0,596584243,37548152,0,0,596477795,36119912,0,0,593342520,36007247,0,0,624263930,37914197,0,0,607157971,36780287,0,8655,72112484,75,66535864,0,1930630682468070,1930750905914269,1930750910341729,1930630687979930
29,__amd_rocclr_copyBuffer.kd,2,0,137,4500,4500,1024,512,0,0,16,0,32,64,0x0,0x79ba982aba80,0,0,0,0,0,0,0,0,0.0,0.0,0.0,0.0,0.0,2.0,512.0,0,38648,3820,0,0,38906,3910,0,0,38880,3698,0,0,38524,3727,0,0,39384,3837,0,0,39081,3738,0,0,39428,3970,0,0,39999,3805,0,0,39046,3610,0,0,38802,3699,0,0,39452,3612,0,0,39108,3714,0,0,39065,4027,0,0,38698,3963,0,0,39177,3836,0,0,39806,3716,0,11900,122225,0,0,0,1930630692153103,1930750913443310,1930750913446234,1930630692707622
30,"void custom_kernel<1, false, false>(__hip_fp8_e4m3_fnuz const*, __hip_fp8_e4m3_fnuz const*, float const*, float const*, __hip_bfloat16*, float*, int, int, int) [clone .kd]",2,0,140,4500,4500,2097152,512,32768,0,4,132,32,64,0x0,0x79ba982760c0,33554432,319204585,25536321384,0,0,0,0,0,0.0,0.0,1048576.0,0.0,0.0,304.0,339738624.0,0,550964333,36350336,0,0,566276202,37626109,0,0,570355184,37391098,0,0,572434821,38089425,0,0,573817246,36340587,0,0,570080987,36279327,0,0,601269923,38202207,0,0,583084845,37188403,0,0,549019576,36290170,0,0,566521709,38006290,0,0,570262426,37408904,0,0,572396703,38264082,0,0,573656937,36324416,0,0,570141246,36320909,0,0,601219352,38246018,0,0,583119892,37202765,0,8638,72043910,0,66432308,0,1930630693725105,1930750913468066,1930750917890077,1930630699240100
31,__amd_rocclr_copyBuffer.kd,2,0,146,4500,4500,1024,512,0,0,16,0,32,64,0x0,0x79ba982aba80,0,0,0,0,0,0,0,0,0.0,0.0,0.0,0.0,0.0,2.0,512.0,0,38657,3864,0,0,38876,3919,0,0,41374,3665,0,0,38579,3716,0,0,40034,4157,0,0,39681,3715,0,0,39865,3951,0,0,40114,3789,0,0,38825,3991,0,0,38759,3730,0,0,39930,3653,0,0,38708,3692,0,0,39932,4087,0,0,39225,3939,0,0,39527,3856,0,0,40044,3725,0,11864,123826,0,0,0,1930630703595613,1930750920991538,1930750920994703,1930630704168179
32,"void custom_kernel<1, false, false>(__hip_fp8_e4m3_fnuz const*, __hip_fp8_e4m3_fnuz const*, float const*, float const*, __hip_bfloat16*, float*, int, int, int) [clone .kd]",2,0,149,4500,4500,2097152,512,32768,0,4,132,32,64,0x0,0x79ba982760c0,33554432,319205930,25536587182,0,0,0,0,0,0.0,0.0,1048576.0,0.0,0.0,304.0,339738624.0,0,589562500,35953766,0,0,606431691,37151665,0,0,610344781,37035317,0,0,613726559,37599332,0,0,614177848,35885844,0,0,610647264,35741357,0,0,643203216,37688353,0,0,624465448,36509168,0,0,587376706,36000311,0,0,606369191,37262713,0,0,610500007,37125919,0,0,613745905,37504756,0,0,613983960,35858776,0,0,610520118,35713001,0,0,643333952,37638182,0,0,624486947,36538802,0,8632,71952249,0,66422551,0,1930630705221584,1930750921018818,1930750925445637,1930630711357947
33,"ref_kernel(__hip_fp8_e4m3_fnuz const*, __hip_fp8_e4m3_fnuz const*, float const*, float const*, __hip_bfloat16*, int, int, int) [clone .kd]",2,0,151,4500,4500,67108864,256,0,0,52,4,48,64,0x0,0x79ba98275fc0,0,0,0,0,0,0,0,0,0.0,0.0,17315135488.0,0.0,0.0,304.0,69323456512.0,0,280108241677,154953146,0,0,306958422707,162649485,0,0,292311130732,159269221,0,0,303956338711,164006748,0,0,305989042781,163036136,0,0,332631893140,167962682,0,0,321374173609,171003281,0,0,323688389970,168656287,0,0,278819223292,154744917,0,0,306901974672,162641193,0,0,292059176868,159156160,0,0,303939985275,163298198,0,0,305891418101,162163573,0,0,332532903353,167145106,0,0,321303811930,170197229,0,0,323444992460,167770660,0,9242,2876247929,307,557289391,0,1930630711947378,1930750925516017,1930751141927685,1930630930552045
